[
  {
    "featureType": "all",
    "elementType": "labels.text.fill",
    "stylers": [
      {
        "saturation": 36
      },
      {
        "color": "#a3a3a3"
      },
      {
        "lightness": 40
      }
    ]
  },
  {
    "featureType": "all",
    "elementType": "labels.text.stroke",
    "stylers": [
      {
        "visibility": "on"
      },
      {
        "color": "#ffffff"
      },
      {
        "lightness": 16
      }
    ]
  },
  {
    "featureType": "all",
    "elementType": "labels.icon",
    "stylers": [
      {
        "visibility": "off"
      }
    ]
  },
  {
    "featureType": "administrative",
    "elementType": "geometry.fill",
    "stylers": [
      {
        "color": "#fefefe"
      },
      {
        "lightness": 20
      }
    ]
  },
  {
    "featureType": "administrative",
    "elementType": "geometry.stroke",
    "stylers": [
      {
        "color": "#fefefe"
      },
      {
        "lightness": 17
      },
      {
        "weight": 1.2
      }
    ]
  },
  {
    "featureType": "landscape",
    "elementType": "geometry",
    "stylers": [
      {
        "color": "#f5f5f5"
      },
      {
        "lightness": 20
      }
    ]
  },
  {
    "featureType": "poi",
    "elementType": "geometry",
    "stylers": [
      {
        "color": "#f5f5f5"
      },
      {
        "lightness": 21
      }
    ]
  },
  {
    "featureType": "poi.park",
    "elementType": "geometry",
    "stylers": [
      {
        "color": "#dedede"
      },
      {
        "lightness": 21
      }
    ]
  },
  {
    "featureType": "poi.park",
    "elementType": "geometry.fill",
    "stylers": [
      {
        "color": "#97a089"
      },
      {
        "lightness": "36"
      },
      {
        "gamma": "1.00"
      }
    ]
  },
  {
    "featureType": "road.highway",
    "elementType": "geometry.fill",
    "stylers": [
      {
        "color": "#ffffff"
      },
      {
        "lightness": 17
      }
    ]
  },
  {
    "featureType": "road.highway",
    "elementType": "geometry.stroke",
    "stylers": [
      {
        "color": "#ffffff"
      },
      {
        "lightness": 29
      },
      {
        "weight": 0.2
      }
    ]
  },
  {
    "featureType": "road.arterial",
    "elementType": "geometry",
    "stylers": [
      {
        "color": "#ffffff"
      },
      {
        "lightness": 18
      }
    ]
  },
  {
    "featureType": "road.local",
    "elementType": "geometry",
    "stylers": [
      {
        "color": "#ffffff"
      },
      {
        "lightness": 16
      }
    ]
  },
  {
    "featureType": "transit",
    "elementType": "all",
    "stylers": [
      {
        "visibility": "on"
      },
      {
        "saturation": "-100"
      },
      {
        "lightness": "52"
      },
      {
        "gamma": "1"
      }
    ]
  },
  {
    "featureType": "transit",
    "elementType": "geometry",
    "stylers": [
      {
        "color": "#f2f2f2"
      },
      {
        "lightness": 19
      }
    ]
  },
  {
    "featureType": "transit",
    "elementType": "labels",
    "stylers": [
      {
        "lightness": "0"
      },
      {
        "saturation": "0"
      }
    ]
  },
  {
    "featureType": "transit",
    "elementType": "labels.text.fill",
    "stylers": [
      {
        "color": "#5f5f5f"
      }
    ]
  },
  {
    "featureType": "transit.line",
    "elementType": "all",
    "stylers": [
      {
        "visibility": "off"
      }
    ]
  },
  {
    "featureType": "transit.line",
    "elementType": "geometry.fill",
    "stylers": [
      {
        "visibility": "off"
      },
      {
        "color": "#aaa6a6"
      },
      {
        "lightness": "72"
      }
    ]
  },
  {
    "featureType": "transit.line",
    "elementType": "labels",
    "stylers": [
      {
        "visibility": "off"
      }
    ]
  },
  {
    "featureType": "water",
    "elementType": "geometry",
    "stylers": [
      {
        "color": "#d9ebf4"
      },
      {
        "lightness": 17
      }
    ]
  },
  {
    "featureType": "administrative.land_parcel",
    "elementType": "labels",
    "stylers": [
      {
        "visibility": "off"
      }
    ]
  },
  {
    "featureType": "poi",
    "elementType": "labels.text",
    "stylers": [
      {
        "visibility": "off"
      }
    ]
  },
  {
    "featureType": "road.local",
    "elementType": "labels",
    "stylers": [
      {
        "visibility": "off"
      }
    ]
  }
]